{
  "POST /api/payroll" : {
    "transaction" : "POST /api/payroll",
    "sampleCount" : 100,
    "errorCount" : 0,
    "errorPct" : 0.0,
    "meanResTime" : 4.689999999999998,
    "medianResTime" : 4.0,
    "minResTime" : 3.0,
    "maxResTime" : 13.0,
    "pct1ResTime" : 6.0,
    "pct2ResTime" : 7.0,
    "pct3ResTime" : 12.97999999999999,
    "throughput" : 10.8038029386344,
    "receivedKBytesPerSec" : 2.87820062662057,
    "sentKBytesPerSec" : 2.939394041702679
  },
  "Total" : {
    "transaction" : "Total",
    "sampleCount" : 300,
    "errorCount" : 0,
    "errorPct" : 0.0,
    "meanResTime" : 9.510000000000009,
    "medianResTime" : 5.0,
    "minResTime" : 2.0,
    "maxResTime" : 105.0,
    "pct1ResTime" : 22.900000000000034,
    "pct2ResTime" : 29.899999999999977,
    "pct3ResTime" : 39.0,
    "throughput" : 31.931878658861095,
    "receivedKBytesPerSec" : 34.88183541777541,
    "sentKBytesPerSec" : 6.6898948908994145
  },
  "GET /api/reports" : {
    "transaction" : "GET /api/reports",
    "sampleCount" : 100,
    "errorCount" : 0,
    "errorPct" : 0.0,
    "meanResTime" : 18.540000000000003,
    "medianResTime" : 19.0,
    "minResTime" : 6.0,
    "maxResTime" : 52.0,
    "pct1ResTime" : 34.900000000000006,
    "pct2ResTime" : 36.94999999999999,
    "pct3ResTime" : 51.86999999999993,
    "throughput" : 10.78981441519206,
    "receivedKBytesPerSec" : 29.34534486944324,
    "sentKBytesPerSec" : 1.928257849589987
  },
  "GET /api/health" : {
    "transaction" : "GET /api/health",
    "sampleCount" : 100,
    "errorCount" : 0,
    "errorPct" : 0.0,
    "meanResTime" : 5.300000000000003,
    "medianResTime" : 4.0,
    "minResTime" : 2.0,
    "maxResTime" : 105.0,
    "pct1ResTime" : 6.0,
    "pct2ResTime" : 7.0,
    "pct3ResTime" : 104.0299999999995,
    "throughput" : 10.676916506512919,
    "receivedKBytesPerSec" : 3.1071495302156737,
    "sentKBytesPerSec" : 1.897655082212257
  }
}